{
 "version": "application/octet-stream",
 "allow_edit": true,
 "plugins": [],
 "panes": [
  {
   "title": "",
   "width": 1,
   "row": {
    "1": 9,
    "2": 1,
    "3": 1,
    "4": 1
   },
   "col": {
    "1": 1,
    "2": 2,
    "3": -16,
    "4": -8
   },
   "col_width": "1",
   "widgets": [
    {
     "type": "gauge",
     "settings": {
      "title": "Humidity",
      "value": "datasources[\"Examteat\"][\"/Teat1/gearname/HTML_web\"].split(',')[1]",
      "units": "RH",
      "min_value": 0,
      "max_value": "90"
     }
    }
   ]
  },
  {
   "width": 1,
   "row": {
    "1": 17,
    "2": 1,
    "3": 1,
    "4": 1
   },
   "col": {
    "1": 1,
    "2": 1,
    "3": 3,
    "4": 3
   },
   "col_width": 1,
   "widgets": [
    {
     "type": "gauge",
     "settings": {
      "title": "Moisture",
      "value": "datasources[\"Examteat\"][\"/Teat1/gearname/HTML_web\"].split(',')[2]",
      "units": "%",
      "min_value": 0,
      "max_value": 100
     }
    }
   ]
  },
  {
   "width": 1,
   "row": {
    "3": 1,
    "4": 1
   },
   "col": {
    "3": 1,
    "4": 4
   },
   "col_width": 1,
   "widgets": [
    {
     "type": "gauge",
     "settings": {
      "title": "Light",
      "value": "datasources[\"Examteat\"][\"/Teat1/gearname/HTML_web\"].split(',')[3]",
      "units": "%",
      "min_value": 0,
      "max_value": 100
     }
    }
   ]
  },
  {
   "width": 1,
   "row": {
    "1": 1,
    "2": 9,
    "3": 9,
    "4": 1
   },
   "col": {
    "1": 1,
    "2": 2,
    "3": 1,
    "4": 2
   },
   "col_width": 1,
   "widgets": [
    {
     "type": "gauge",
     "settings": {
      "title": "Temperature",
      "value": "datasources[\"Examteat\"][\"/Teat1/gearname/HTML_web\"].split(',')[0]",
      "units": "C",
      "min_value": 0,
      "max_value": "50"
     }
    }
   ]
  }
 ],
 "datasources": [
  {
   "name": "Examteat",
   "type": "netpie_microgear",
   "settings": {
    "name": "Examteat",
    "appid": "Teat1",
    "key": "1fBtuelf2lcsuq9",
    "secret": "4aTlIwAkwNEkUcNf8ocR96bVX",
    "topics": "/#"
   }
  }
 ],
 "columns": 4,
 "theme": "default"
}